ID,ra,dec,Tmag
141829826,93.30213,-76.62528,9.364
388182507,105.84798,-76.081116,9.7344
141771483,92.490135,-76.25561,8.9286
391924088,106.9278,-76.04921,6.3892
391924128,106.72527,-76.12557,9.5952
141865875,93.80231,-77.052376,7.6885
141811463,92.83701,-77.51219,8.7814
141822625,93.17271,-76.770065,9.7882
141811469,92.59223,-77.549194,9.7103
141811912,92.93698,-77.35657,7.2681
141811945,92.976654,-77.268715,9.9684
141822527,93.02281,-76.98404,7.9113
141811921,93.12851,-77.332466,9.3261
141810872,92.721214,-76.24719,9.0084
141866268,93.84323,-76.200554,6.9094
141822868,93.14983,-76.27124,8.6804
141822908,93.17661,-76.19315,9.9637
141770496,92.06771,-77.4053,7.8444
141770592,92.09982,-77.65352,9.7693
141770198,91.87543,-76.6909,8.1676
141770299,91.85841,-76.92691,9.0503
141770438,91.83703,-77.27135,9.3906
141770583,91.92597,-77.63356,8.796
141771105,92.202736,-77.029106,7.7982
140635238,71.88346,-76.11663,9.5458
141909987,94.25179,-77.10299,7.5686
141909992,94.141304,-77.11993,9.0882
141910606,94.749374,-77.328514,8.5874
370139723,73.37263,-77.5364,8.1318
370140250,73.59266,-76.15143,8.4838
141811460,92.81253,-77.5057,8.1847
141811001,92.606895,-76.516464,9.5279
141811377,92.57933,-77.35502,9.8133
141811633,92.73792,-77.95727,9.0061
141865224,93.47368,-77.21475,9.8126
141811445,92.55966,-77.46959,9.665
141811261,92.610374,-77.10559,6.8204
140946106,77.5354,-76.139565,7.6821
261332418,92.24023,-77.91856,9.0326
140899825,76.96563,-76.43972,8.5035
141866084,94.06281,-76.636,8.4399
140608448,71.42258,-76.3045,7.788
140946237,77.22945,-76.462906,8.736
140899871,76.852066,-76.38119,8.9765
140826924,75.01998,-77.302345,9.4005
141755432,91.58757,-76.36047,7.8692
140664663,72.66912,-76.554695,9.6675
140598987,69.15712,-76.88373,7.5596
140858013,76.1928,-76.72718,8.8359
370233984,85.61345,-77.945915,9.885
140635285,72.04993,-76.27146,9.4901
407621805,71.02087,-76.30551,7.2525
358174642,70.76049,-76.5636,9.0405
358174909,70.785904,-77.0091,9.6027
735221424,93.17721,-75.92919,8.1227
140797538,74.44835,-75.260315,9.045
141823041,93.17721,-75.92919,8.1227
271812636,112.37037,-75.31493,8.7192
271697430,109.99764,-74.45611,9.4113
271812477,112.35442,-75.04205,9.3739
271812283,112.20665,-74.74789,9.8373
271808029,111.93094,-75.09065,8.2052
271808257,112.09198,-74.75025,7.7764
271808281,112.03989,-74.7177,9.0977
271971568,113.72246,-74.16765,9.1595
370235131,105.34854,-75.62092,7.3709
177351829,104.062546,-75.1561,9.0674
271595936,108.34396,-74.05427,8.0755
177284199,102.41898,-74.557304,8.2481
177354371,104.642586,-75.41501,7.4084
177354346,104.56284,-75.4655,9.4752
177354263,104.61373,-75.63023,8.9806
271890012,112.71393,-74.93009,7.6091
177287389,102.95433,-74.963585,9.4473
177312701,103.52275,-74.8337,8.9618
177312459,103.62495,-75.24689,9.9649
271639087,108.980415,-74.08261,9.8929
177287541,103.10352,-74.70994,9.8276
271575428,106.00586,-75.69479,9.7217
177242130,101.47652,-74.236145,9.7126
141829547,93.39921,-75.992134,9.6821
141772259,92.17498,-74.84883,9.5994
141771691,92.39515,-75.85945,9.5658
141805180,92.14671,-74.39344,8.2908
141810356,92.63164,-75.199486,9.8201
141810080,92.56031,-74.753044,4.4333
141756148,91.38893,-75.04394,9.3579
140895751,76.587326,-74.521515,9.9127
140859023,76.09465,-74.92112,7.5639
141823504,92.99137,-75.08389,6.4733
33866258,65.47308,-75.29201,9.7907
141823121,93.16018,-75.78716,7.4894
141755674,91.46615,-75.883995,7.2454
141772292,92.291565,-74.78571,9.8579
177254453,101.92521,-74.521515,9.926
140797524,74.57474,-75.27722,7.2419
141823020,93.21235,-75.95811,8.233
141471984,86.60002,-74.18761,9.9611
140597454,68.88675,-74.371185,7.3185
140996457,78.379845,-74.16248,9.9394
140691839,73.91251,-75.744705,9.0522
140938580,76.892685,-74.4137,9.2151
140687382,72.9083,-75.91231,9.019
140938247,77.17766,-74.846924,8.3888
140856186,75.97155,-74.92697,8.7623
140804656,75.20354,-75.56497,8.753
140760669,74.4468,-75.26144,9.8645
33863252,65.35444,-75.0941,8.492
140826257,75.02627,-75.61224,9.418
140895946,76.53701,-74.65836,9.0069
140687446,73.001854,-75.77615,9.488
358112162,69.81704,-74.36163,8.3203
33880746,66.39658,-74.87068,8.953
33837981,64.35254,-75.420265,9.2881
140858952,76.064476,-75.02312,7.8711
33836359,64.06107,-75.34419,8.0823
140996421,78.23853,-74.13436,9.2328
231739408,67.30991,-74.716934,9.9903
141757230,91.44502,-73.700874,9.211
271795748,111.32675,-73.73728,8.4487
141756969,91.47676,-73.9812,8.5259
141757920,91.63601,-73.02255,9.9656
271795775,111.166595,-73.71048,9.1559
141714083,91.166176,-72.744705,9.58
141758352,91.4864,-72.64806,7.2983
141751878,91.1396,-73.347244,9.3089
141805493,92.25814,-73.98177,9.6183
141805507,92.25547,-73.96315,9.8968
141530039,87.527214,-73.05946,9.1586
141768461,91.937035,-73.839485,9.4136
141157475,80.79115,-73.10769,8.501
33766654,62.554348,-73.75854,8.3343
33736729,62.07767,-72.121185,9.5239
33736425,61.975925,-72.96754,9.7781
141089477,79.25002,-73.82567,9.6065
141124440,80.27702,-73.09838,9.9824
141026959,79.00129,-73.64418,9.5284
299833431,60.29134,-73.09494,9.6143
33834132,63.607723,-73.645096,7.7268
141000884,78.63178,-73.73034,9.4231
33714918,60.379154,-72.31937,9.2827
33838789,64.5963,-73.42972,9.4234
33770773,63.27853,-72.82064,6.9508
140609648,71.68524,-73.91858,8.7008
141183190,81.371056,-72.64892,8.7981
141183375,81.163445,-72.76163,9.9126
766043126,107.926704,-60.46398,9.4577
765462052,106.28306,-61.226486,7.1352
348900668,106.28306,-61.226486,7.1352
349152663,107.926704,-60.46398,9.4577
349055036,107.35393,-60.38029,6.068
349055188,107.280785,-60.575188,7.6092
348997611,107.14879,-60.681946,9.1957
349055016,107.34608,-60.34972,9.6391
349055152,107.3331,-60.53554,8.191
348997612,107.15049,-60.680622,9.956
349153298,108.29661,-60.270546,9.7219
349153164,108.208916,-60.085415,9.7809
349153143,108.33045,-60.058372,8.454
348997467,107.08279,-60.850403,9.6118
349153430,108.253204,-60.456272,9.5105
167893026,105.29737,-60.14778,8.4862
167892099,105.312256,-61.46944,9.6553
348963463,106.9311,-60.551945,9.6992
348963387,106.73348,-60.459145,9.9977
349191957,108.71515,-60.26246,6.4967
349091417,107.83373,-60.59652,7.6534
167812444,104.98064,-61.844715,9.2515
348900523,106.345764,-60.990417,9.2001
348963592,106.708954,-60.738235,8.1349
348900258,106.43787,-60.573235,9.2941
349191590,108.506645,-60.105297,8.5092
349270625,108.94832,-60.148476,8.6122
348844774,105.954,-61.309353,9.1401
348844794,105.87424,-61.345398,9.9561
349061746,107.50411,-60.834072,9.234
348962260,106.56804,-61.05766,9.177
349412438,110.57084,-60.959232,9.8098
349061910,107.60066,-60.60738,9.8699
349483772,110.99454,-60.7808,9.984
150430423,96.98829,-61.265976,7.4976
348899264,106.18169,-60.80771,8.0367
349483743,110.96331,-60.8029,9.0035
167894031,105.69409,-61.06268,8.4918
349483715,110.98269,-60.83799,7.9647
150440547,97.493515,-60.924755,9.9551
167814798,105.20476,-61.55078,8.3271
150300299,95.21905,-60.001293,9.7987
167795786,104.39127,-61.869545,8.1682
150431853,97.34236,-61.112396,8.488
150431791,97.3288,-61.005905,7.5143
150431659,97.42212,-60.779404,9.3538
150431839,97.23414,-61.094704,8.4221
167814656,104.998566,-61.33618,6.1034
167814939,105.06211,-61.78258,9.1876
372849630,98.113495,-60.292854,9.8649
150430481,96.999016,-61.16035,9.2862
150430575,97.19297,-61.007378,8.6906
150273833,94.86553,-60.212975,9.5387
38845336,68.99148,-61.043755,9.8027
150063627,91.42568,-60.105713,8.0015
55477321,71.190186,-61.949646,9.9566
55450888,70.58324,-61.620693,8.1576
55497681,71.70903,-61.840942,9.0677
38939273,69.81172,-61.3479,8.7213
38939275,69.65095,-61.343384,9.4826
55481058,71.333855,-61.565613,9.1421
38827060,68.26399,-60.638474,9.5671
38711933,67.054756,-61.506535,9.1111
38844572,68.613,-60.893074,9.2545
38844604,68.63985,-60.802788,8.9747
55454977,70.956215,-61.594044,9.9939
38814863,67.90983,-61.841373,7.9748
55401488,70.43571,-61.219215,8.4672
55401489,70.438416,-61.217705,8.3792
38814392,68.027756,-60.66286,8.9542
38954332,70.256676,-61.201626,9.9775
348893897,105.92594,-61.48901,9.8973
306470944,118.45078,-68.17271,8.2046
306507481,118.71705,-68.301315,9.504
306470978,118.533455,-68.22123,9.281
306470809,118.440926,-68.00941,8.3678
306470902,118.56811,-68.12454,9.8473
306470921,118.6065,-68.14776,9.1959
300814771,117.09606,-68.354355,7.7084
300814054,116.923,-69.26958,9.248
300938055,117.933,-68.39841,9.4918
300969574,118.19051,-69.40973,9.9336
300932817,117.45996,-69.45843,7.6085
300932883,117.606735,-69.38495,9.4948
453099697,116.15979,-69.39912,9.1146
300970420,118.180466,-68.35301,9.5937
300938192,118.00466,-68.56098,8.9119
300938910,117.784775,-69.46609,9.9644
300745308,116.433075,-68.28459,8.4994
300745095,116.304634,-68.54703,9.4402
300378272,111.03561,-69.18093,8.99
300867918,117.24321,-68.48364,9.0192
300510574,112.30982,-69.9185,9.1784
300657526,114.618484,-69.32608,8.3762
300867625,117.31268,-68.10847,8.364
300867750,117.28963,-68.25188,9.995
300867814,117.212036,-68.341446,9.0736
300740521,115.07185,-68.33993,9.661
391892177,115.43131,-68.576805,9.3463
300653260,114.23038,-68.510635,7.937
391891720,115.64096,-69.26756,9.585
453100417,116.19657,-68.43625,9.5003
25132222,62.001324,-68.36099,9.3018
32090289,58.67466,-69.64166,9.9018
25118602,61.947704,-69.7877,9.3743
25118597,61.88004,-69.79721,9.0878
25118980,61.904926,-68.382675,9.6878
25117406,61.512608,-69.87131,7.1143
32150712,59.01372,-68.356155,9.7315
32150270,59.035416,-69.736534,9.8533
231077009,67.77182,-69.73984,8.5931
32088907,58.26369,-69.64599,8.4041
29832154,66.51846,-69.891556,8.9753
32154434,59.647564,-68.34374,6.7156
32154421,59.72732,-68.38581,9.6369
25153740,62.96094,-68.21174,8.1667
388131109,65.412315,-69.86987,8.8668
29834079,66.86891,-69.754364,7.8447
32092617,58.72919,-69.711655,9.3972
29760003,64.19292,-69.726776,6.2732
29760053,64.32763,-69.89438,9.5157
38602307,64.41788,-63.25428,7.7153
684930756,64.41788,-63.25428,7.7153
38602326,64.47399,-63.23241,9.848
38607168,64.51822,-63.252583,8.564
350146245,115.78745,-63.75589,9.511
350146296,115.73955,-63.701992,9.1708
350146388,115.6621,-63.6039,9.2979
350142729,115.613945,-63.485428,6.5248
350028027,114.83062,-63.722744,9.5404
349785342,113.188354,-63.813046,9.085
349677222,112.400604,-63.946968,9.3046
349973650,114.59399,-63.500584,9.8849
350024659,114.523384,-63.946247,8.1719
349973576,114.62983,-63.429897,9.7087
350028284,114.77214,-63.430878,7.1949
350028402,114.81262,-63.2779,9.8816
349835272,113.87643,-63.86225,9.764
350097285,115.31117,-63.622715,8.7384
350097380,115.40767,-63.504986,9.8388
350097516,115.26938,-63.36023,7.0434
350097094,115.408745,-63.874084,9.5005
349831849,113.53502,-63.77502,8.7592
349973705,114.56486,-63.573727,7.6487
167724857,103.673965,-62.143482,8.8669
167724880,103.69596,-62.191795,9.4373
55526024,72.50021,-62.23585,8.4614
55558432,73.096535,-62.419422,9.1498
38634217,65.079155,-63.17379,7.489
38680682,65.644485,-63.22741,9.0815
38680734,65.47219,-63.386387,4.3777
38906688,69.54989,-62.302784,7.3988
38941059,69.87318,-62.4302,9.902
38602305,64.4178,-63.255413,6.1621
309617919,78.96228,-62.939514,8.4717
358710635,72.351135,-62.284164,9.1701
38607156,64.47382,-63.23323,9.6573
38909679,69.70532,-62.378536,6.5958
38697111,65.9735,-63.29877,8.6325
55451697,70.71865,-62.651577,9.9387
349761521,112.633514,-63.991043,9.0145
349274292,109.24705,-64.71471,9.897
349520463,111.20671,-64.27353,9.023
38600988,64.3773,-65.07899,9.2089
38600923,64.300865,-65.1837,9.1227
350095954,115.31725,-65.37028,9.9212
349764296,112.82115,-64.13944,9.907
349522594,111.38891,-64.50155,8.2762
349522781,111.398384,-64.212105,9.027
300513650,112.24143,-65.94666,8.6948
382435966,117.248436,-65.28704,9.8927
382436135,117.27374,-65.04445,9.3229
382436104,117.16075,-65.07888,8.4333
349786918,113.04333,-65.811615,9.9676
350144197,115.427826,-65.38086,9.9566
349478970,110.72984,-64.632515,8.6081
349574474,111.91043,-65.84635,9.306
350144298,115.49971,-65.51854,8.5439
349195106,108.68814,-64.94619,8.9181
262577077,116.218765,-65.48186,9.0032
349094345,107.88703,-64.998245,9.2446
349304295,109.35936,-64.60555,9.3776
262577122,116.26309,-65.43071,9.2078
349094313,107.882454,-64.946434,8.4427
349575695,111.799034,-64.24047,6.9963
349785677,113.133415,-64.23243,9.8777
349522668,111.442085,-64.396835,6.2336
349520612,111.18171,-64.47879,8.6657
349575610,111.96162,-64.35751,9.0162
349833420,113.568184,-65.6909,9.1582
349311164,109.671265,-64.66767,9.8965
349311206,109.77458,-64.742935,9.9719
349574361,111.71568,-65.88521,9.5318
349966449,114.43401,-64.05039,8.6116
350025877,114.5364,-65.46191,8.173
350025892,114.49624,-65.48475,9.6547
349275818,109.559166,-64.83788,8.2238
300380716,110.92656,-65.9762,9.9503
300380772,111.34458,-65.93542,9.6669
349647427,112.16459,-64.2711,9.7791
349647433,112.13589,-64.27406,9.909
281632735,116.91308,-65.33334,8.6801
349647498,112.24564,-64.361694,8.7723
349835153,113.740204,-64.0289,9.0934
349058157,107.40261,-65.07614,8.5807
349478786,110.69275,-64.34905,9.1671
349965094,114.30224,-65.630035,8.4804
349761832,112.525826,-64.412834,8.4877
349761739,112.5217,-64.28632,9.7903
348993740,106.82696,-65.08303,9.2226
349196480,108.9932,-64.64408,7.7837
349156177,108.3161,-64.87349,7.3964
38571285,63.116287,-65.145775,9.4952
38709365,66.71595,-65.49313,9.5654
38760904,67.0887,-65.71189,7.7895
38760905,67.097206,-65.713326,9.2505
38571299,63.040054,-65.199745,9.2915
38842601,68.55716,-65.87597,9.8453
38681452,65.58719,-65.368675,9.2465
38709102,66.58674,-65.65075,7.5744
38811785,67.83944,-65.76597,9.8872
38583375,63.591774,-64.9677,7.5982
38609957,64.86204,-65.10609,7.8378
38516712,62.948326,-65.03225,9.5944
38516233,62.622433,-65.211266,7.8894
38516117,62.645702,-64.79746,9.474
38709082,66.621414,-65.5835,9.137
38698175,66.29708,-65.56191,8.4163
38587468,64.00563,-65.01494,9.3656
38587506,64.141075,-65.14773,9.4453
38508644,62.265934,-64.70142,9.9715
38509188,62.41355,-65.22477,9.9716
685126190,72.7904,-59.34552,9.6281
220428457,72.7904,-59.34552,9.6281
167893191,105.652855,-59.89026,9.968
294053900,107.27606,-58.972633,9.331
294399474,109.31063,-59.633602,9.5051
294328158,108.913414,-59.558292,9.7654
294328163,108.79659,-59.563213,8.8612
294328148,108.854866,-59.54603,9.4588
279571361,106.1552,-59.577118,9.0855
278777070,99.744,-58.835983,8.0048
349090929,107.68756,-59.982983,9.6677
278776865,99.860176,-58.46015,9.6575
279615774,106.34183,-59.391193,7.9641
278730109,99.60869,-58.357777,9.3321
278730120,99.61066,-58.338085,7.7209
294206429,108.0423,-59.839413,8.0607
293972813,106.856316,-59.134647,8.7782
349191740,108.823715,-59.998505,9.5486
278683385,99.19007,-58.991848,8.2386
278683144,99.143936,-59.498875,9.9716
278683176,99.257545,-59.435215,9.6421
278683209,99.228455,-59.33997,9.9517
278683261,99.163864,-59.22093,8.763
278683641,99.24557,-58.460167,9.5402
293974041,107.080894,-58.98174,8.632
287329673,109.77325,-59.79346,8.6466
287329624,109.628365,-59.735477,8.2206
294099852,107.59985,-58.751377,9.5201
260367950,95.1463,-59.60302,9.1291
348841242,99.00823,-59.255646,8.9363
294273900,108.71097,-59.267815,8.9811
260502561,96.47492,-58.053226,9.848
278778410,100.0048,-58.370247,9.7723
278730165,99.6431,-58.253384,9.2891
278862750,100.58764,-58.183094,9.329
278862747,100.58734,-58.181404,9.701
348841318,98.8541,-59.08763,6.9527
278824686,100.310684,-58.235676,8.3851
260420310,95.75444,-59.02866,9.8478
260471291,96.085846,-58.4986,9.9416
382190002,81.499435,-58.08405,9.9712
278727736,99.4464,-58.16674,9.5419
260043627,91.41972,-59.18294,9.3928
260076680,91.85165,-58.773808,7.4002
260076681,91.87778,-58.771954,9.8881
220435758,73.57246,-59.86192,9.0357
220438947,74.002655,-58.459343,9.0097
150063580,91.54594,-59.97264,9.915
260075417,91.69314,-58.04916,8.8237
260075903,91.7343,-59.19503,9.835
260075733,91.65794,-58.783707,9.1815
260075743,91.78289,-58.801548,9.7028
260707956,98.60951,-59.64771,9.2124
260708017,98.60581,-59.53267,9.9245
257720049,77.9281,-58.985626,8.7146
350299101,83.93384,-58.364002,9.862
350334901,84.18334,-58.87395,9.6951
220432095,73.23075,-59.75607,9.9383
350334815,84.04066,-58.638203,9.9206
260043481,91.514694,-59.54321,7.6374
260043723,91.60855,-58.953655,8.735
55604274,73.56747,-59.94347,8.0397
220457682,74.665405,-58.907764,8.4429
350299079,83.95465,-58.42349,9.2213
278728539,99.459885,-59.025536,9.7051
279569902,105.93332,-57.923107,9.7375
279569875,105.86454,-57.883812,9.619
278864957,100.767235,-57.39657,9.5228
278865342,100.77436,-56.70525,8.1242
278864991,100.71355,-57.330585,9.9722
278865412,100.818146,-56.59516,8.2156
278865407,100.90597,-56.600594,8.9337
278684523,99.061104,-56.69561,9.3762
278684745,99.24674,-56.258068,9.0957
278862374,100.56334,-57.489918,9.3046
278861826,100.6586,-56.541874,9.8695
278778758,99.95201,-57.697258,9.6292
278899461,101.17845,-57.440296,8.0663
348839560,98.66664,-57.17271,9.6054
382159772,80.90571,-57.135704,9.7207
382159947,80.94253,-57.554546,9.1977
260074589,91.66173,-56.100674,7.5463
260074581,91.644646,-56.07598,7.9762
260074858,91.72057,-56.710133,9.9774
260074916,91.75407,-56.850685,9.3369
260075032,91.72921,-57.098427,8.0702
260658926,98.31934,-57.754726,9.354
260077376,91.83243,-57.176147,8.2714
381949122,76.37773,-57.472702,4.2176
381924855,76.21161,-57.672314,8.1657
382157562,80.72424,-56.81634,6.3486
278825267,100.48202,-57.065292,9.6974
350299326,83.85781,-57.792694,9.7878
260044301,91.56016,-57.535065,9.0292
350295056,83.393715,-57.083134,6.3849
260080114,92.208855,-56.436104,8.5981
260127465,92.09785,-57.60018,8.296
260080014,92.09971,-56.24504,9.0519
260079987,92.13682,-56.1789,9.953
278896737,101.027466,-57.40005,8.7767
350294979,83.51569,-57.302116,9.7415
260127304,92.06556,-57.220654,9.5566
260127345,92.12674,-57.320946,9.7024
260127606,92.06645,-57.931705,8.0424
278896350,100.99191,-56.676987,9.1953
278896463,100.95764,-56.899517,9.8265
260077105,91.84899,-57.79385,8.9349
260077794,91.871376,-56.21343,8.4827
260044482,91.59138,-57.16347,9.5349
381949148,76.44739,-57.553833,7.36
381924953,76.17349,-57.36901,9.7687
381973834,76.898445,-57.96235,9.9268
382268604,82.99977,-56.235233,9.6687
350297677,83.66736,-57.696884,9.6448
350297750,83.734795,-57.86395,9.3567
381949172,76.41227,-57.68329,8.8263
260130339,92.41774,-55.672695,8.5723
260079719,92.053116,-55.65957,9.9595
350929538,90.38566,-55.78371,7.2385
260131989,92.465195,-55.654037,9.4013
260078056,92.03452,-55.625557,9.1793
350859088,90.335144,-55.713276,9.8813
260078030,91.895134,-55.705536,7.3984
260074479,91.7963,-55.857887,9.9425
300937000,117.81908,-67.15472,9.9997
300937099,117.948166,-67.265045,9.2651
300703597,114.49387,-67.37648,9.4654
300746125,116.4253,-67.30805,9.556
300703532,114.55932,-67.44789,6.9662
300703521,114.73827,-67.46085,8.6971
300703507,114.63344,-67.47559,9.7333
300287147,110.09927,-66.072365,9.7564
300934576,117.55974,-67.322754,9.9504
300971342,118.14831,-67.253204,8.8813
300324773,110.49812,-66.069,7.016
300141553,108.93686,-66.19704,9.3937
300864382,116.86397,-67.30363,9.1529
453095247,114.071075,-67.37831,7.449
300741344,115.22606,-67.32698,9.7637
300866979,117.26497,-67.33906,9.3336
300652366,114.44134,-67.38782,8.6853
370112122,69.87716,-66.01811,9.0467
650334488,58.317917,-70.17351,9.9584
650335631,58.31928,-70.17383,9.6386
32089054,58.31928,-70.17383,9.6386
764843038,113.6907,-70.14768,9.3084
764843041,113.689514,-70.147,9.3017
453079880,113.689514,-70.147,9.3017
300813226,117.04778,-70.33646,9.581
306575290,119.4321,-70.262535,9.3641
300810962,116.83051,-70.16098,8.9057
300869242,117.14713,-70.12604,8.5231
300939511,117.853035,-70.23216,9.6881
300710875,115.26743,-70.16761,9.2758
300657009,114.61882,-70.027885,9.33
300656986,114.4912,-70.06814,8.3324
391901219,115.932686,-70.26956,9.9098
391901095,115.83303,-70.06414,7.3042
300743797,116.45015,-70.23346,7.7601
306505917,118.90626,-70.39287,9.6728
453079904,113.58143,-70.10955,8.9948
32090178,58.51348,-70.02923,9.613
388128463,63.498177,-70.03482,9.3016
370038077,60.491932,-70.230255,8.7167
